{
  "miniprogramRoot": "miniprogram/",
  "cloudfunctionRoot": "cloudfunctions/",
  "setting": {
    "urlCheck": true,
    "es6": true,
    "enhance": true,
    "postcss": true,
    "minified": true,
    "newFeature": true,
    "coverView": true,
    "autoAudits": false,
    "uglifyFileName": false,
    "checkInvalidKey": true,
    "checkSiteMap": true,
    "uploadWithSourceMap": true,
    "babelSetting": {
      "ignore": [],
      "disablePlugins": [],
      "outputPath": ""
    }
  },
  "appid": "wxfb39bf8d209fbf42",
  "projectname": "garbage_sort_mini",
  "libVersion": "2.4.4",
  "simulatorType": "wechat",
  "simulatorPluginLibVersion": {},
  "cloudfunctionTemplateRoot": "cloudfunctionTemplate/",
  "condition": {
    "miniprogram": {
      "list": [
        {
          "name": "db guide",
          "pathName": "pages/databaseGuide/databaseGuide",
          "query": ""
        }
      ]
    }
  },
  "compileType": "miniprogram",
  "srcMiniprogramRoot": "miniprogram/",
  "packOptions": {
    "ignore": [],
    "include": []
  },
  "editorSetting": {
    "tabIndent": "insertSpaces",
    "tabSize": 2
  }
}